city_code,city_name,lon,lat,pop,prop_65p,gdp
IT001C,Roma,12.4829321,41.8933203,2672837.71428571,0.21054048108922,37019.0476190476
IT002C,Milano,9.1896346,45.4641943,3897850.23076923,0.216658703851381,34544.8530320787
IT003C,Napoli,14.2487679,40.8358846,3047441.69230769,0.156995997117071,17271.8087714105
IT004C,Torino,7.6824892,45.0677551,879331.333333333,0.242241644058902,29685.7142857143
IT005C,Palermo,13.3524434,38.1112268,670212.809523809,0.173038385920866,17604.7619047619
IT006C,Genova,8.9338624,44.40726,594860.238095238,0.27237809866683,31342.8571428571
IT007C,Firenze,11.2555757,43.7698712,365265.333333333,0.259881670782922,34676.1904761905
IT008C,Bari,16.8620293,41.1257843,319627.428571429,0.204551914273681,19804.7619047619
IT009C,Bologna,11.3426327,44.4938203,377318.238095238,0.264145339408141,36233.3333333333
IT010C,Catania,15.0873718,37.5023612,305233.19047619,0.195960467268286,17657.1428571429
IT011C,Venezia,12.3345898,45.4371908,265285.095238095,0.26282221431795,28566.6666666667
IT012C,Verona,10.9924122,45.4384958,256723.619047619,0.235051335741094,30595.2380952381
IT013C,Cremona,10.0248716,45.1334796,71222.4761904762,0.256275044687157,29023.8095238095
IT014C,Trento,11.1257601,46.0664228,112730.904761905,0.202449668826576,34819.0476190476
IT015C,Trieste,13.7772781,45.6496485,205533.619047619,0.276251927200423,29695.2380952381
IT016C,Perugia,12.3890104,43.1119613,159823.952380952,0.221539365581503,25200
IT017C,Ancona,13.5170982,43.6170137,100771.666666667,0.243702942209849,27538.0952380952
IT018C,Pescara,14.2059269,42.469613,119500.333333333,0.235870294538239,23785.7142857143
IT019C,Campobasso,14.6602725,41.5597935,49892.1904761905,0.206740826568014,20385.7142857143
IT020C,Caserta,14.334708,41.0820827,76201.0476190476,0.179781912517083,16109.5238095238
IT021C,Taranto,17.2432278,40.4712427,199740.142857143,0.195446418949927,16909.5238095238
IT022C,Potenza,15.8022077,40.6384046,67677.8095238095,0.191131095968816,20690.4761904762
IT023C,Catanzaro,16.5960465,38.9076353,91831.9047619048,0.182515241845475,17823.8095238095
IT024C,Reggio di Calabria,15.6397556,38.1035389,181257.476190476,0.18951763985747,16704.7619047619
IT025C,Sassari,8.5610074,40.7232643,124624.571428571,0.185526831600143,19371.4285714286
IT026C,Cagliari,9.113311,39.2171994,156362.80952381,0.232430649508564,25490.4761904762
IT027C,Padova,11.8734455,45.4077172,208055.952380952,0.245837176773863,30433.3333333333
IT028C,Brescia,10.2200214,45.5398022,191361.619047619,0.23877244739712,31461.9047619048
IT029C,Modena,10.9255707,44.6458885,180668.19047619,0.230492596700579,34085.7142857143
IT030C,Foggia,15.5432595,41.4620482,151991.761904762,0.186768848403379,16319.0476190476
IT031C,Salerno,14.7594542,40.6803601,134787.666666667,0.226719912626802,17166.6666666667
IT032C,Piacenza,9.6947461,45.0534751,101375.384615385,0.24754149185291,30171.4285714286
IT033C,Bolzano,11.3547801,46.4981125,104325.769230769,0.231438234633678,39857.1428571429
IT034C,Udine,13.2358377,46.0634632,98925.0769230769,0.25291223555349,28685.7142857143
IT035C,La Spezia,9.8217022,44.1033871,93062.2307692308,0.270556037577148,27214.2857142857
IT036C,Lecce,18.1718482,40.3570373,91773.0769230769,0.230631736526833,15447.619047619
IT037C,Barletta,16.2868696,41.3214976,94126.6153846154,0.166051545915229,14671.4285714286
IT038C,Pesaro,12.9131228,43.9098114,94579.9230769231,0.241893452470211,24704.7619047619
IT039C,Como,9.0830353,45.8115623,83188.6153846154,0.252435916613205,27595.2380952381
IT040C,Pisa,10.4018624,43.7159395,87944.6923076923,0.259627528201431,28538.0952380952
IT041C,Treviso,12.2455414,45.6658505,82688.7692307692,0.253992520730278,30152.380952381
IT042C,Varese,8.8263532,45.817549,80459.8461538462,0.252394740164823,28666.6666666667
IT043C,Asti,8.2068876,44.900542,74810.7692307692,0.238666966074558,23680.9523809524
IT044C,Pavia,9.1546375,45.1860043,70380.3076923077,0.261454954543009,24390.4761904762
IT045C,Massa,10.1395519,44.0359323,68875.4615384615,0.229916155341871,21847.619047619
IT046C,Cosenza,16.2501929,39.3099931,68131,0.228803903560523,15095.2380952381
IT047C,Savona,8.4810315,44.3080251,60783.8461538462,0.288250795749411,26752.380952381
IT048C,Matera,16.6063265,40.667029,60025.6153846154,0.192588432129009,18328.5714285714
IT049C,Acireale,15.1658804,37.6127773,51768.0769230769,0.190603095226994,17657.1428571429
IT050C,Avellino,14.7888764,40.9141958,54492.8461538462,0.215989061218556,17133.3333333333
IT051C,Pordenone,12.6597197,45.9562503,51067.2307692308,0.239110309009641,28347.619047619
IT052C,Lecco,9.389605,45.8553764,47404.3076923077,0.252816144205481,29195.2380952381
IT053C,Altamura,16.5527314,40.8285595,69759.6153846154,0.147059056843142,19804.7619047619
IT054C,Bitonto,16.691548,41.1084971,55455.5384615385,0.1535908391258,19804.7619047619
IT055C,Molfetta,16.5968279,41.1992456,59781.6923076923,0.219141223027803,19804.7619047619
IT056C,Battipaglia,14.9821443,40.6092539,50610.5384615385,0.167855952463201,17166.6666666667
IT057C,Bisceglie,16.5010109,41.2402745,54855,0.172571316312065,14671.4285714286
IT058C,Carpi,10.8854523,44.7835699,68800.0769230769,0.222726946917354,34085.7142857143
IT059C,Cerignola,15.8996651,41.2648121,57145.6153846154,0.152009585003432,16319.0476190476
IT060C,Gela,14.2502445,37.0664363,75040.4615384615,0.160483465510168,15561.9047619048
IT061C,Bagheria,13.509349,38.079351,54402.4615384615,0.166268657896359,17604.7619047619
IT062C,Anzio,12.6285618,41.4471008,51135.3846153846,0.18481769994455,37019.0476190476
IT063C,Sassuolo,10.7829023,44.5409769,40495.2307692308,0.208734871341381,34085.7142857143
IT064C,Messina,15.5542082,38.1937571,242395.8,0.203615077959753,17328.5714285714
IT065C,Prato,11.0969262,43.880598,185458,0.207439664534772,29719.0476190476
IT066C,Parma,10.3280833,44.8013678,179624.15,0.230616228602145,34295.2380952381
IT067C,Livorno,10.3091256,43.5507317,157937.5,0.247806383767121,24200
IT068C,Reggio nell'Emilia,10.6304971,44.6978389,160770.9,0.201480721845164,33071.4285714286
IT069C,Ravenna,12.2017617,44.4161414,151010.4,0.237566059546084,29400
IT070C,Ferrara,11.6186451,44.8372737,132368.65,0.269504029451938,24985.7142857143
IT071C,Rimini,12.5684371,44.0593886,139996.45,0.224975778367446,27195.2380952381
IT072C,Siracusa,15.2907196,37.0646139,121505.15,0.188382413114654,17209.5238095238
IT073C,Bergamo,9.6698727,45.6944947,116270.2,0.242680489384565,31428.5714285714
IT074C,Forlì,12.041273,44.2227278,114817.5,0.243900997240388,29061.9047619048
IT075C,Latina,12.9037789,41.4672827,118093.55,0.181681954694549,22080.9523809524
IT076C,Vicenza,11.5478825,45.5488306,111772.3,0.228833506575755,30395.2380952381
IT077C,Terni,12.6405466,42.5641417,109317.25,0.251992940120571,22966.6666666667
IT078C,Novara,8.619655,45.4464036,102591.15,0.221688172965222,27514.2857142857
IT079C,Alessandria,8.6153899,44.9129069,91567.4615384615,0.249436724239956,26257.1428571429
IT080C,Arezzo,11.8781675,43.4628957,98352.2307692308,0.237503177656631,26571.4285714286
IT081C,Grosseto,11.1137389,42.7597261,80029.5384615385,0.232706012099906,22761.9047619048
IT082C,Brindisi,17.945526,40.6395295,87851.4615384615,0.197508205144497,16590.4761904762
IT083C,Trapani,12.515992,38.0174321,68438.6153846154,0.205507784969283,15828.5714285714
IT084C,Ragusa,14.7213455,36.9219828,71276.1538461538,0.213740559180348,18171.4285714286
IT085C,Andria,16.2954806,41.2275731,99678.2307692308,0.154684798950153,14671.4285714286
IT086C,Trani,16.4162585,41.275088,55693.3846153846,0.166747854633359,14671.4285714286
IT087C,L'Aquila,13.3979672,42.3489203,69158,0.211989143939289,22595.2380952381
